[
  {
    "State":"BJ",
    "0 to 14 Years":17320000,
    "15 to 64 Years":142250000,
    "65 Years and Over":14980000
  },
  {
    "State":"TJ",
    "0 to 14 Years":13590000,
    "15 to 64 Years":93990000,
    "65 Years and Over":13920000
  },
  {
    "State":"HE",
    "0 to 14 Years":107720000,
    "15 to 64 Years":441980000,
    "65 Years and Over":55470000
  },
  {
    "State":"SX",
    "0 to 14 Years":47100000,
    "15 to 64 Years":228600000,
    "65 Years and Over":23880000
  },
  {
    "State":"NMG",
    "0 to 14 Years":28310000,
    "15 to 64 Years":160200000,
    "65 Years and Over":17620000
  },
  {
    "State":"LN",
    "0 to 14 Years":37740000,
    "15 to 64 Years":287560000,
    "65 Years and Over":37010000
  },
  {
    "State":"JL",
    "0 to 14 Years":26690000,
    "15 to 64 Years":178440000,
    "65 Years and Over":21930000
  },
  {
    "State":"HLJ",
    "0 to 14 Years":37920000,
    "15 to 64 Years":250290000,
    "65 Years and Over":28300000
  },
  {
    "State":"SH",
    "0 to 14 Years":18660000,
    "15 to 64 Years":159450000,
    "65 Years and Over":21210000
  },
  {
    "State":"JS",
    "0 to 14 Years":87330000,
    "15 to 64 Years":487620000,
    "65 Years and Over":80300000
  },
  {
    "State":"ZJ",
    "0 to 14 Years":54170000,
    "15 to 64 Years":357850000,
    "65 Years and Over":41740000
  },
  {
    "State":"AH",
    "0 to 14 Years":91860000,
    "15 to 64 Years":353370000,
    "65 Years and Over":52410000
  },
  {
    "State":"FJ",
    "0 to 14 Years":52490000,
    "15 to 64 Years":233550000,
    "65 Years and Over":25430000
  },
  {
    "State":"JX",
    "0 to 14 Years":73530000,
    "15 to 64 Years":266080000,
    "65 Years and Over":33600000
  },
  {
    "State":"SD",
    "0 to 14 Years":124320000,
    "15 to 64 Years":590770000,
    "65 Years and Over":88220000
  },
  {
    "State":"HA",
    "0 to 14 Years":161330000,
    "15 to 64 Years":546200000,
    "65 Years and Over":69350000
  },
  {
    "State":"HB",
    "0 to 14 Years":71530000,
    "15 to 64 Years":359660000,
    "65 Years and Over":47410000
  },
  {
    "State":"HN",
    "0 to 14 Years":100880000,
    "15 to 64 Years":392940000,
    "65 Years and Over":58370000
  },
  {
    "State":"GD",
    "0 to 14 Years":146530000,
    "15 to 64 Years":668300000,
    "65 Years and Over":63640000
  },
  {
    "State":"GX",
    "0 to 14 Years":83610000,
    "15 to 64 Years":269660000,
    "65 Years and Over":36200000
  },
  {
    "State":"HI",
    "0 to 14 Years":13850000,
    "15 to 64 Years":54020000,
    "65 Years and Over":6020000
  },
  {
    "State":"CQ",
    "0 to 14 Years":38240000,
    "15 to 64 Years":174400000,
    "65 Years and Over":32470000
  },
  {
    "State":"SC",
    "0 to 14 Years":110730000,
    "15 to 64 Years":472950000,
    "65 Years and Over":85360000
  },
  {
    "State":"GZ",
    "0 to 14 Years":63850000,
    "15 to 64 Years":198380000,
    "65 Years and Over":26820000
  },
  {
    "State":"YN",
    "0 to 14 Years":77450000,
    "15 to 64 Years":278350000,
    "65 Years and Over":30990000
  },
  {
    "State":"XZ",
    "0 to 14 Years":5990000,
    "15 to 64 Years":18430000,
    "65 Years and Over":1330000
  },
  {
    "State":"SN",
    "0 to 14 Years":46850000,
    "15 to 64 Years":233240000,
    "65 Years and Over":30530000
  },
  {
    "State":"GS",
    "0 to 14 Years":36030000,
    "15 to 64 Years":158130000,
    "65 Years and Over":18950000
  },
  {
    "State":"QH",
    "0 to 14 Years":9480000,
    "15 to 64 Years":34790000,
    "65 Years and Over":3410000
  },
  {
    "State":"NX",
    "0 to 14 Years":10930000,
    "15 to 64 Years":39240000,
    "65 Years and Over":3820000
  },
  {
    "State":"XJ",
    "0 to 14 Years":38930000,
    "15 to 64 Years":136050000,
    "65 Years and Over":11900000
  }
]